word,count
now,157
bonus,122
message,68
LIGHTS,67
3,66
Register,64
cash,63
makakuha,63
screenshot,62
compiled,61
spam,61
100,57
Get,55
Bonus,53
1,51
FREE,51
CLICK,46
SOLAR,45
win,42
NAME,42
free,42
Proof,40
BUY,39
ONLY,39
Cash,39
Sign,39
Row,39
469,39
manalo,38
Good,38
GET,38
10,37
SA,37
you,37
SALE,37
libreng,37
Play,37
Screenshot,37
FOR,36
You,36
BONUS,36
contact,35
account,35
Now,35
247,35
name,34
Your,34
AT,34
4,34
Click,34
will,33
5000,33
Maglaro,33
online,31
Jackpot,31
Name,31
ngayon,30
watts,30
day,30
Online,30
TO,30
2,30
kunin,28
claim,28
here,28
daily,28
Claim,27
The,27
Game,26
pesos,26
web,26
TODAY,25
please,25
TAKE,24
piraso,24
mag,24
email,23
jackpot,23
Join,23
Thank,23
Deposit,23
play,23
Immediate,23
B0NUS,23
8888,23
AND,22
inout,22
HERE,22
InOut,22
lucky,22
We,22
Daily,22
IPHONE,22
14,22
register,21
600p,21
platform,21
reply,21
Best,21
click,21
